phi_0,phi_1,phi_2,phi_3,phi_4,phi_5,phi_6,phi_7,phi_8,phi_9,phi_10,phi_11,phi_12,phi_13,phi_14,phi_15,phi_16,phi_17,phi_18
-3.4463186174154865,-4.180976768346861,-2.601028178396366,-3.6599116174247253,-4.241744520757148,-4.252160052073228,-3.670396330999462,-3.1218874376719588,-3.078582401919865,-3.002958295609238,-3.1249540635380306,-3.137456709094939,-2.6736388053125313,-4.50684696684532,-1.656712979962688,-2.134799428426509,-4.386037861190949,-1.8162093921871332,-1.8550402429831099
-4.511743579545928,-2.4456732071244853,-2.839359576906752,-2.3165678335138513,-1.7618000265110845,-3.873620928987008,-4.078684988085847,-4.462280856714428,-3.671215761674396,-1.954153234299778,-2.2645685882587285,-1.9970175157332952,-2.8587509602529586,-2.455422138820388,-3.16908658688755,-2.467771534640798,-3.0280848374745926,-2.9577140044461463,-4.075641624783367
-2.6976148181319806,-2.9102820843291966,-2.4981720703459493,-2.0405493254340903,-4.394458815314625,-1.8910666868351451,-2.152433723797413,-1.6364278097913783,-4.243294372395248,-4.611206922343382,-3.4552277820200015,-2.243116030061318,-2.6152269395161465,-2.5881746404997363,-4.012597433526182,-1.6074625400364395,-4.447991006630749,-3.4707850457780616,-4.398976973495615
-4.556335325357051,-2.1250656481791426,-1.7664799215175262,-2.656019817996612,-2.0633970832464255,-1.9713118129150753,-2.0154916945314207,-4.5221467470194465,-2.9344544009658273,-2.0608929371167535,-4.003783645963033,-4.673437697088896,-3.066956576286949,-3.845112274625146,-4.002499434955117,-4.37405356587845,-4.082980337742294,-3.4247473029207995,-3.1185188244267463
-3.4930608473283145,-3.9794239548804957,-2.899131987046493,-3.3388680067095113,-4.2565432093738105,-1.754373572681962,-2.426564550141852,-2.7544752121769003,-1.8167674086111005,-4.547779845385141,-2.6756986338383753,-3.304677980198609,-2.439305475994471,-3.047714220896874,-2.9375671891828157,-4.490118444140331,-3.598701103925979,-3.381239224731929,-3.877747891492453
-3.943409015769547,-4.703478316237014,-4.629595858995692,-3.654484494001118,-2.2231678601874205,-2.3462887643581394,-4.000205791686259,-3.888572742979156,-3.750197633961191,-3.835695505656148,-4.4505718571294475,-1.9410277183043805,-4.268377260053242,-1.6906723141038627,-4.20588496497361,-1.9692023582812048,-3.3921483759587363,-2.7142306864941634,-3.7571314510360994
-4.059035136760924,-2.2813215955778308,-4.521953823886972,-4.33873986891509,-1.9999085928063138,-2.4983617975245545,-2.554628228235679,-1.8715405869439627,-2.3806387809876535,-3.8124737118133925,-4.435320395656479,-3.085414756391261,-1.815950260241744,-2.016081372153285,-4.268947099811229,-1.8196575276785842,-3.902164398389674,-2.4067771046823885,-2.8227522669203804
-3.371608723243331,-2.519986478279273,-1.6235208697675017,-2.7049518500899,-3.1067414698585,-2.9384271874654915,-4.194981643117438,-4.299812952303857,-2.9417836759701883,-2.977578893345126,-3.2998671946164224,-4.602569253700709,-2.324816928443651,-4.055046223631978,-3.8268606198691906,-3.390704861584898,-1.8478831902851223,-4.445383747523921,-4.607510028203372
-2.26393624601019,-3.7613900766528188,-3.3512448145396307,-2.1182157534344803,-4.247417357461224,-4.350121484421868,-2.640162543562916,-4.463937291270327,-3.6910371314430996,-4.322005391818098,-4.088764299711921,-1.9836940126570197,-1.654897620033803,-3.5446564803931055,-4.151304587138907,-3.9370098132853295,-3.285639855232418,-2.1075539501603537,-1.9983492318268086
-2.625887097735642,-1.8119703502553497,-2.638112302134426,-3.4791999173751904,-3.003271335142249,-2.8503423361335036,-2.9837207821113316,-4.02809341821755,-3.2584848842065313,-4.71162847963537,-2.162339341579375,-3.3739281713701703,-2.6624438989271844,-3.2111256784719284,-4.448368380141921,-4.707390699336888,-3.279957545569551,-4.579089085295514,-4.705056440673584
-2.7834737093950617,-3.3071946693226537,-4.209987522434286,-2.303134444517972,-2.926293201868851,-3.7914813929680005,-4.589691901105176,-4.069100306021782,-3.1240338419577505,-3.5318747066153033,-2.7652336453115822,-3.388236177310289,-1.9426949868205101,-3.9242151815158213,-2.985377472193524,-4.5400257240947886,-2.964334907090646,-4.116280127847581,-4.133059662629121
-1.9967496824096824,-4.70477403574554,-4.0730245018141495,-4.652633206866972,-2.064437491038694,-4.1140891556803805,-4.507130950301018,-3.5577674022433414,-3.126640459020317,-3.0743415886766523,-1.9278350165190754,-4.551617589657482,-2.5578202034316373,-4.605421313149586,-2.7557948156041183,-4.367308069916812,-2.1686978369968903,-4.234918565482078,-3.6623162768426125
-3.181289684121671,-2.374312977110413,-3.6335681576230803,-3.9456194800321307,-4.701125667819715,-2.1133255939269273,-2.708951848057738,-3.8370184082143215,-2.8268395378783415,-3.993357595248767,-3.485256217623414,-3.632405706453458,-3.878994145913248,-4.708197906765426,-3.4382448537057932,-3.4580159241639143,-3.8774785332005783,-4.453141903115697,-3.1591446834713715
-2.676141154197831,-2.9177689434554743,-3.293794413236248,-4.4465896903340365,-3.9017342039125653,-2.2554498477731286,-3.435783194362136,-2.6763352097461817,-2.9070818428039606,-4.174258722588442,-2.9310682668722268,-3.6483839000784615,-2.3354840251661133,-2.4462331669175184,-3.6768427368022265,-2.9726207635168986,-4.1103457708727875,-4.692806622002759,-4.362748120362337
-2.9133008605229502,-4.301895494856867,-4.025624155718344,-4.606067801916858,-2.377169047058293,-2.7284208181447336,-3.552950370293625,-3.1081665484446184,-2.3467270052116076,-2.8595920304515876,-3.8359217446132305,-3.2652975685417607,-4.661816867313385,-2.336520412225396,-3.9901315247263156,-4.474040478034558,-3.5985610328880853,-3.397421286851831,-4.4668504725055405
-1.5813286130036492,-3.3980474322258383,-2.7490848112910973,-2.12640161330319,-2.7264430770997357,-2.8090722160458945,-3.620624100269951,-3.282622453713424,-4.246520869497101,-2.726132108852479,-4.694768721876799,-3.471369784735666,-2.241423715273833,-2.9389771885196367,-1.9426442954913732,-4.69128821864809,-3.716495784240233,-2.348430909150689,-3.948440434443227
-1.9864107019413662,-3.367118721217272,-4.680214228903088,-4.576899875495002,-3.445022900664779,-4.197262488754867,-1.795379724562566,-3.2543160146627104,-3.110238634697914,-2.80940346405613,-3.879282765748736,-3.2016853444886797,-3.8876745390227043,-2.1229590106414276,-4.214286769852225,-4.538562516505357,-3.6870199587336394,-2.572928623576847,-2.3838983488878447
-3.8430791678937597,-3.544890698492848,-4.52150916786168,-3.090092776041427,-2.2918833937499787,-1.9617566139026672,-3.6243707828440472,-4.171782752826935,-2.976708987309933,-3.8132519095941215,-1.6709749375277578,-3.558970557186278,-2.59196674267863,-2.7987825025251007,-1.7359999205273744,-2.8498757946836446,-1.9542118361666758,-4.615580051158354,-1.718191799266827
-2.8029193884740464,-4.711972786757521,-4.303549091853647,-3.5481974432028505,-2.6138367647361793,-2.2538505965373923,-4.330666367914714,-2.8579121998429704,-1.9542292826258705,-2.7985537192248646,-1.9014410842516551,-3.012512666445002,-3.4083253372943285,-4.561526268961786,-1.607193586927055,-3.0810918924278234,-3.570866585438884,-3.973021857830344,-4.297100354136492
-4.300977951991294,-4.182652342107566,-3.5714157980272203,-3.6440385029070805,-4.403740353655422,-3.635685103517225,-1.7640278980834285,-3.0858128424358386,-2.7889632388712156,-3.5401785420264034,-4.3988690287996315,-4.567687367962727,-3.9489617843580813,-2.4526862257181103,-3.3690054068381374,-2.555695242887392,-4.175143269900655,-2.942979822542946,-3.8024621098008358
-4.686314399309293,-1.6782765982613266,-3.4565664811082457,-3.8817487783369717,-4.165471835392397,-3.559197534421222,-4.090319705271683,-4.225545585336776,-3.9760737331564915,-2.3392034714333976,-2.7247280172162887,-2.160116148571877,-2.3163796601161923,-3.9809269611994287,-1.8769548668714884,-1.95553587416225,-3.1862849209452895,-2.0132010124236626,-2.626604115801984
-3.6904107537111104,-2.7987115332864687,-3.94344521923574,-4.240557022684138,-3.691591440228316,-3.109832523654972,-2.175677132590171,-1.9535664474188406,-2.924619174494211,-2.4806828011892015,-4.085720414178336,-2.1240446097865857,-3.969132298787022,-3.8800954483421273,-3.372670485743193,-3.2657848060566383,-2.1312244603047086,-3.7167577384863177,-4.329346213923464
-4.044651947988955,-1.6070115409423962,-2.9298831261834364,-2.9734080549078836,-1.6340788168088545,-1.9117678999694183,-2.584070990373572,-1.6200810940628911,-3.350633514111669,-2.1049315131101953,-4.102952244755685,-2.8687750041055184,-3.900088925972553,-4.149573555371245,-4.272427498095811,-2.2750030299483024,-2.0917187221093627,-4.230239072107717,-2.1225058973489332
-3.2917394366499177,-4.63960622485629,-1.7562845082487506,-1.9971117380331194,-2.956677024243411,-4.47086878238554,-2.723697070584519,-2.7453486128893134,-3.130912476800707,-1.7559369981448318,-3.3878472603874696,-4.206238803141218,-4.014182777179775,-3.927970768521057,-3.7707254830332713,-1.9706350182046153,-2.5213047326752602,-3.2845297615520606,-2.386875963068323
-3.2115408330787574,-2.041908542910541,-3.4664730949171725,-2.717531966662908,-2.218556561764827,-1.9843831401955763,-3.5269497335039066,-1.8966388941979186,-4.090807021777282,-4.613195321935478,-2.465241646008159,-2.798723050745769,-3.3696366612713193,-4.497778120510761,-3.3948820196366056,-4.04838030377836,-4.565120572505286,-4.440699512331158,-1.7497463910496718
-3.5006496230302138,-2.972579891284149,-4.398759749502954,-3.1063155600080137,-3.043829360561153,-2.167114219131465,-1.8426541996156658,-1.8257136133934742,-3.9688541638470385,-2.474465642059349,-4.4668351940231545,-2.3672617283958406,-3.1154040966912615,-3.0547437200340215,-2.2934778591308747,-3.368229624246082,-2.88236886359976,-4.029456202287967,-3.0589209600112923
-2.420934371902329,-2.273943398955582,-4.417791552116065,-2.8992307752708326,-2.7415901268343887,-1.919070005268082,-3.8303676868669903,-4.23372277821231,-1.7410767636161624,-2.724469321445332,-1.8818670566293956,-2.4430415107855303,-1.9315976352946582,-2.4588222131668247,-4.514351886101471,-2.0663415271500405,-4.07012304842696,-3.461283786648653,-2.5271906905949635
-1.6289417793940517,-2.851424195489324,-1.670633284210545,-2.8286696591107443,-3.6633027179933118,-3.993479752789707,-3.288367433616206,-2.932455297300982,-1.7307456612389722,-4.15925735982841,-2.5672020657433796,-3.031543662201869,-1.8663409820382015,-1.6834959244506642,-4.681998098760847,-3.187260092061246,-3.213781766828837,-1.8989725324385889,-3.574414804304667
-2.871792504876869,-4.243603808402608,-3.7678652260673573,-3.8120372738768027,-3.2783700116050554,-1.8671351629308135,-2.1967014588869027,-3.989920619335409,-4.662569847552097,-4.575564731730418,-2.64053468555784,-3.0662335933094553,-3.3982821671867653,-4.0167344307401756,-3.8961517109099164,-3.8681762579039782,-2.1399855417615803,-4.5256858667431725,-4.200048698419495
-2.665984515448336,-3.2275571779492997,-2.607567722522942,-3.272669844518144,-2.5038752474483026,-2.572445015964936,-3.899345879158944,-2.094415444038516,-3.190033191175206,-1.7862914964934853,-3.0527113072502043,-2.9853852867316055,-2.866141714552785,-2.8282923841001213,-3.6168405728290174,-1.9849589324072148,-2.2878296138031815,-1.6852479469056312,-4.16562135466168
-3.2448338755674033,-4.604304718002031,-3.5007058701331664,-3.4322026796866183,-2.073046549018931,-1.7183464319503243,-3.955592678192928,-3.3154891595931577,-4.339809832473309,-2.8647344592979174,-3.5023349607804386,-4.201690527310751,-3.015785015499194,-3.889908138020518,-2.054661294771406,-3.9801396865216896,-2.233494042211547,-3.2886987401327668,-4.2155166490404365
-4.583805160054695,-4.705090465729193,-2.8894677277868936,-2.1442177038939856,-3.7276277394367288,-3.704926566681097,-2.0526944342398115,-3.3941915678407546,-3.7429686066886,-3.31578775905796,-3.9850589889676824,-4.583877469652271,-3.8774031889720932,-2.7626673650979705,-2.3565413146524126,-4.670813764480707,-3.5238917315752456,-4.515800437676218,-3.5288770784081316
-4.3658999015141635,-3.5195530896226055,-1.6794094340454389,-4.236135874943343,-1.684910747944388,-2.8995989282542958,-2.940015262637008,-2.0636454043659316,-4.394354345474441,-2.255831102508229,-3.827156747232241,-3.9862471114102203,-2.235681915999443,-2.0848814078922686,-4.2774707942414425,-3.131560712761084,-2.555162017408338,-3.592198546664609,-1.6296463785169548
-3.63707526578653,-2.2371724154800963,-2.7549755916423564,-3.416893986397437,-4.231225369386591,-3.58513613739136,-4.594583712739514,-1.7672588736469708,-2.423881699493438,-3.4608339261080845,-2.2252206925426887,-2.2762703217066593,-2.5375849529269594,-4.16688510816649,-1.6620825763169798,-1.608990307325989,-2.123042660733899,-3.908536072015689,-3.9691150812036393
-1.7054540487414478,-3.5991113938076573,-1.9970510818450018,-2.690164102120383,-3.5843942459725855,-4.124069829937672,-2.942069137553248,-2.881811917570344,-2.332355167297027,-2.8691487302631558,-3.764448276796027,-2.3341756169037264,-4.693839630555412,-4.674406232626434,-4.265760305432265,-3.4023112770655843,-3.7982420445402463,-3.5860488586304875,-3.339948356229553
-2.6593510486454717,-3.1008000289379485,-1.6041089517629792,-4.575830021814036,-4.654709121884809,-4.112374468143172,-3.938729495580103,-3.0311101547408046,-4.3221526440853895,-3.1543882027138253,-4.637825215015596,-3.620242028589841,-3.499382790405159,-4.060963588510899,-2.3616346506853225,-3.8030364256538944,-3.0714371676483996,-3.3526881235147057,-3.3252102370804035
-2.4029161606930023,-2.9141368149886855,-4.172830907223163,-4.287071090251765,-4.375992249189953,-2.4463504756446555,-3.645848472397228,-3.3625305235709706,-1.7333608182943219,-3.752079248900677,-3.353218196568995,-2.1107775037705587,-2.0315203573461087,-2.8968840266507723,-2.5625581452870545,-4.137568442763683,-4.016875994463355,-4.208346887545535,-2.1453521220679987
-3.3750416707492077,-2.983784484799932,-3.906556171243884,-4.406708801403672,-1.6660601480348478,-4.030543965419914,-2.5537997190557395,-4.36861793070095,-3.0443261412265246,-2.827809088002579,-2.9308620863585766,-3.412118752607879,-4.120759010932412,-3.5048418072027223,-1.5901602337874876,-2.6354163452621533,-3.3159484607868874,-3.074239549080831,-3.5579373578440743
-1.6708735099030938,-2.3443502380865295,-3.5854619956614284,-3.505818642027779,-3.599569416343792,-3.7443534040792534,-1.8608128054115625,-2.221757924553042,-1.9682511519162333,-3.627853007673642,-2.474080739198094,-2.3620259044175405,-2.5765325675314217,-3.353102542456801,-3.483818437273486,-2.7072474203459653,-1.8673298112791143,-4.0219184760821785,-3.9325142285837336
-2.040865799081735,-2.776551863046527,-1.8658979778105267,-2.6171858383068467,-3.590390117971812,-1.9790546932308097,-4.061773930094736,-4.024791150007029,-2.3924163893168173,-2.6999533770529287,-2.37260861322841,-3.0466407207010247,-1.9348066308612584,-3.5126675517849284,-3.146170556830433,-1.5781991109875824,-3.8398529295795623,-3.623153406590492,-4.6035639441320635
-1.797439134410892,-3.8046806890897322,-1.8996268035214694,-3.6237259957045502,-1.6069187001852545,-3.8695607723879535,-2.146708018600871,-4.426963128496475,-4.002037734863822,-2.3457398847519655,-2.1272009804325234,-3.499294624429023,-4.338598356436992,-2.421168932363555,-3.3313377676777405,-4.371336512324701,-3.9219938241239998,-2.4048312785550667,-2.4223065597706452
-3.9086291547938643,-2.0349614917939554,-3.976731245590368,-2.249839777555961,-1.7523567126283446,-1.7654824353895529,-1.6993320231269862,-2.2496087239825315,-3.6788394808454887,-2.093927133712231,-2.6969116464719267,-4.375088588414067,-2.5575072110174144,-4.391138921252415,-1.7945350746826447,-1.9312223196262237,-2.4685320407041886,-2.8259424352634044,-4.542279637093067
-1.6132148275793545,-2.773019827870345,-1.9902516983298324,-3.72892845670822,-3.647207470387884,-3.456527422133999,-2.7063740122143263,-4.421254792820145,-4.29978216374212,-4.492697397422938,-2.8990265027722337,-2.2252352680790897,-3.47634881366798,-4.516160601567573,-1.9174999132958481,-4.200599647022858,-4.2818859558391535,-2.6484360049665043,-3.60190021346014
-2.8008715758285616,-3.5167934302114414,-3.084521782421733,-2.1665240611397554,-3.9123108196660024,-2.0334411753530297,-4.3358547857870935,-1.772653524527978,-2.9819658808446343,-3.7080224552558514,-2.0325936531632833,-1.6540319327696764,-2.183952119187798,-3.949526046822717,-3.0993247460110545,-2.0942288796548607,-3.257717619419707,-2.181538127224078,-4.44826048324356
-4.078942683922918,-2.803488907529002,-3.124513698988147,-2.0093984532539504,-3.1375971655848716,-3.516744386157195,-4.341534862557617,-2.321668144865166,-3.812005458252689,-2.206691649964282,-1.602762241496559,-2.241635510763784,-2.1430753839969516,-3.4522502108713704,-4.060559400392617,-2.5728915262403023,-4.121108495839809,-3.961149492901121,-2.177406686339274
-2.7569532095655043,-3.4423400734720992,-2.508083305416256,-2.546926502044692,-4.4560272494107895,-3.7098383401826496,-4.324030955998069,-3.979217274112562,-4.11314192522492,-3.8326105154286867,-4.16596704298836,-4.521339485700634,-3.0220730604795882,-4.412563659984011,-3.5309624102482022,-3.078347171386974,-1.8531028392235407,-4.633175291394121,-1.9128685402745615
-4.285835042834405,-2.3941994593084615,-2.482024961235223,-3.537983533340808,-3.8152128768486135,-3.929848374871059,-1.7235561657804963,-3.2117122128132634,-2.4187186457638497,-4.263643729200328,-4.618277201307654,-1.6536946206977734,-2.124302713687762,-1.714366722806988,-4.695823686607626,-2.28185013574144,-3.0643078210851034,-1.7899737716325408,-4.481804614699604
-1.8816227449662342,-2.6628574712427158,-4.257308816693566,-2.1557213717497556,-2.738122803122728,-3.2166179408416955,-4.088530344880277,-2.640423576656124,-3.3948557627241094,-3.301717973685232,-4.174836832343191,-2.639593561175336,-1.5999039188390944,-3.99624055364187,-4.3337231785868715,-3.4833800055787942,-4.217372539577169,-2.3094839782529055,-3.7660864887313474
-1.6658128134081949,-3.9307801744258333,-4.665750965296262,-3.725428706167674,-4.264060105630319,-3.2709992092792817,-2.6129651265235783,-3.117589510193971,-4.640493063703614,-3.2694296187093532,-3.699526565485635,-3.280761809835723,-2.2845964266464875,-2.7534765641232344,-2.151086623092532,-2.386277241189327,-3.119132319355356,-3.044302190599589,-3.0717968735348435
-2.958630444471778,-3.105313683543814,-3.3923313529294576,-3.108331351544306,-1.6732897092579284,-3.7138707897882353,-4.388548711218922,-2.5343727737531303,-2.182981527239974,-4.177243115741468,-1.9268066938137967,-2.7841646728412712,-2.8758993723329915,-4.417049567388376,-2.431064188539117,-3.6054605005084506,-3.6324398876927306,-2.276345491316761,-3.109557710275665
-3.6942759561919667,-3.853922988229453,-3.3435731820213457,-3.5295189507144293,-4.532480768351353,-3.921796973033069,-2.3834248814798134,-4.348884238496913,-3.96265038366365,-2.5560261564339677,-3.328001439867112,-4.257146908348136,-3.4497385286357627,-3.4216724178959304,-2.1217792081331144,-3.073190276718649,-4.705050112202309,-4.510820186098649,-2.923560482501288
-3.388400256855494,-2.330484229453537,-1.7038873016061662,-3.6342969875714477,-3.460801778938423,-3.334536784648955,-4.646251299844435,-2.290888491688166,-2.4424511593923603,-3.9120375124945874,-2.373408588022643,-3.866084855293236,-4.599554273758204,-3.3916815578471935,-4.54537760590822,-2.7645505403160078,-2.2868491243402,-1.9082397037439494,-3.4641202064729653
-4.215793227957567,-1.7198716749222789,-3.092674539104483,-3.790096318453708,-3.627888102151777,-4.0503957558152734,-2.2090113592730893,-2.2813067160685025,-2.8787345620150684,-2.3163476498876645,-2.8400888798737687,-3.3337790276975188,-3.9908341927711826,-3.175939246912469,-4.313949888061714,-3.2732383260820157,-4.302102394350686,-4.5738636287203365,-2.668189999371811
-1.879000257423415,-3.1708865949132425,-3.7660555370077096,-3.1057262204540965,-2.5266584346487537,-2.2509025770347852,-1.7979694041876355,-2.832906490839682,-4.193528001371305,-3.8373543697278256,-1.765664699322178,-1.7092510500945308,-4.340138772483426,-4.419853459846833,-4.323786759783666,-4.481168353492141,-2.6626758572172413,-3.610934683362775,-2.9974388781788295
-3.796392061631416,-2.977965120099202,-4.525326798638738,-4.081000902666901,-2.706297591771421,-3.5895385097147674,-3.0598423117722744,-3.7488141009244726,-2.9559335441913652,-3.3674011255195015,-2.716212492918676,-4.553144722080572,-4.266904238136701,-4.562847114630653,-2.049922737705381,-1.6169415168835628,-1.759239046593514,-2.1768226381341798,-2.5516150735273073
-3.310511304629875,-3.538860890032828,-3.7919042211498244,-2.6868295691413104,-3.2063385475120816,-2.5360394721000126,-2.21554690994297,-2.7579337894537215,-2.47008287061148,-3.083433842861904,-4.185672899948723,-3.754906730026282,-3.3988596380853697,-4.057018570097683,-4.701970893521721,-4.374458970683668,-4.69686896539958,-2.701676937176279,-2.7479008083379153
-4.1748543821890305,-2.5227602617546085,-2.2013646868383923,-4.263913881723271,-3.8152768059600612,-2.418667114975167,-2.631202888917467,-2.0125047777601752,-1.8925970406549846,-2.934440043672069,-4.554829368997726,-2.1746927932767584,-3.709907017775224,-2.3236684554972182,-1.7775019364071474,-2.0031596649144747,-2.3963259077821126,-3.140258915646446,-4.5891241817009085
-2.1703418002092496,-4.063917705349346,-2.2076288572368203,-1.7217146662744018,-3.7633222284620524,-4.173449974736285,-4.513435835678683,-3.1904587993565285,-2.1056478198646924,-2.0976925214305315,-2.318537092290691,-2.8096087883670884,-2.729155700089143,-3.7149151150639312,-4.147292431666443,-3.368393078988168,-3.196743879759879,-2.8495984714990144,-2.41757085692014
-4.081067336919415,-4.11281164928346,-4.3987972527452035,-4.657425262627212,-3.3493579225089487,-3.6259304789565387,-3.406534742169469,-2.6978779614331283,-4.15690999907669,-2.5894939206456433,-3.6981386174493145,-3.8188571337380166,-2.742053791557045,-1.8008969087056936,-2.7827607368525134,-2.4700459868093527,-2.7853872426368795,-4.3278496763230585,-2.985784093291611
-2.550022011037445,-3.4939587656387863,-2.9479278448539343,-2.401583870164071,-3.478708571375548,-2.9566529565197763,-3.4327349058929846,-3.222527770214276,-3.1529096342713876,-3.3736452706803064,-3.0342108655977036,-3.1856929286352953,-3.1054093125477085,-4.551164659367379,-2.14475109228109,-2.7574351774287855,-3.3995650478861523,-3.9559031002258394,-3.409874310287461
-4.3984002855266,-4.336466649364142,-4.530734749170887,-3.1452232137653553,-3.04914075081608,-4.570576976396734,-1.6554566365704577,-2.8025465569008725,-2.99314456859491,-2.6332394098368375,-2.701231766592768,-3.5122822493869075,-3.4415335950774932,-3.6886753693688483,-2.728175163895399,-4.5865337177652155,-3.059148759588128,-4.524341215134537,-3.137041562544108
-4.152865383659872,-4.547858661839752,-2.2100684064011387,-3.5751654058142757,-4.004585318869035,-2.4607941909318445,-2.9873896530201747,-4.1577237337967015,-1.6997764744720425,-2.658352998699885,-2.9741859630774257,-2.5545604064037994,-1.6371889871006702,-3.446951932254125,-1.7243732645979994,-3.9597079703862765,-2.281371255058508,-2.5030818512717357,-2.225853128288505
-4.220230018909885,-1.8742008896952687,-3.0595344094247476,-2.278304655546624,-2.1032593562588304,-3.837290993039958,-1.946571560478593,-2.3581949628000967,-3.2488552878759895,-2.5853154286783258,-2.1821620325560755,-4.5064155539861375,-4.162718599119996,-3.947321180307657,-1.7254378584314538,-1.8692536354086426,-1.9851440811898238,-4.415741412973377,-4.199051757262055
-3.6244326385674475,-2.17191420771193,-3.5340141609586673,-1.727122136193843,-4.369467974759736,-1.8969179408195807,-2.5202394522118934,-1.783576588757208,-2.8968705732747297,-2.750687342191612,-2.2801788790391115,-3.470353406542043,-4.059782498458578,-4.57723617064165,-3.935582914345694,-3.7935835339160784,-3.5109685576892184,-3.799635225311892,-3.6722103485719577
-3.995936862308218,-3.9386220660489757,-3.289361696538524,-3.3775508924017017,-2.071321227824105,-3.506948906285566,-3.433721639758587,-3.2900561723568638,-2.8673607955837834,-4.324495038562274,-3.6659050473645873,-1.8950044375612283,-2.4639189423735366,-4.19337381249173,-4.161143389638565,-4.05710392159329,-2.186625633060852,-2.302020135648566,-4.5674469092741985
-3.882906285400994,-2.2535333763534555,-3.093829074734753,-4.082669364775186,-2.0393930109522422,-4.604138885347172,-1.7091490831303928,-3.619108741216544,-1.6068353165051543,-1.677119757464093,-4.629412689712588,-3.461800977910361,-4.602215353360785,-3.099293019442172,-4.265261213700783,-3.7497522916763457,-2.9332607088337626,-3.6188147042059198,-2.0332794804553984
-2.0103903429886723,-3.960832697229915,-1.7443161957732949,-2.7226281161296386,-4.396319563490131,-3.239640830696021,-2.298154112717815,-2.0124283955212516,-2.2266769136778253,-3.1577216593453175,-4.2844150241933505,-4.700454167663732,-3.7826290581960293,-3.9172798809068974,-1.6889969257042896,-2.463675165871014,-3.0391692290530763,-2.8626044534396304,-3.7054526864742536
-2.343940030456592,-2.9076830943080836,-1.861083025837691,-4.388945590212945,-2.296448347249746,-3.4452265639350927,-4.019885828841053,-4.081955577202205,-1.9028551768948905,-3.012481904540265,-2.5321158234292898,-3.0703329722465456,-2.5970985634031227,-3.335135968311004,-4.3966539928249535,-1.894572624669609,-3.134036886782397,-2.575877412850703,-2.7261856619653306
-2.308470149739683,-3.797412231564235,-4.2267830071756105,-2.71140908242386,-1.73696144071533,-2.379116085970131,-4.505608574693624,-2.839422459026117,-1.5952532858791626,-4.429328659119794,-3.550021926237424,-3.4428283565283047,-3.681485667768696,-3.039573908345858,-3.0842248557582033,-1.5966702593523272,-3.5355614044264128,-2.5759052694308084,-4.367536237387261
-3.8026062914627157,-3.2227467425869287,-1.755040607533127,-3.5240435666244885,-2.4709950697947116,-2.0278477417530105,-3.2867283649943984,-3.585230998723043,-3.974503333688494,-2.466821164830201,-2.825646264153202,-3.1603924715377145,-3.2678490382470162,-1.8742697538678779,-3.71130725013495,-2.598892593980822,-4.3116156344740695,-3.1973266254823933,-4.618927188267999
-2.2338118537249634,-2.0918219924141264,-3.4789181104865774,-1.8580956897599705,-2.738194903147488,-2.4202097339874045,-2.9155420297161982,-1.8395228604640335,-3.6194658317372745,-2.29045419320124,-2.684160107122367,-3.9907825966251305,-3.4470495880675127,-2.5883137428249015,-3.3449653461710804,-2.839795303336227,-4.174580663443143,-2.488944504677719,-3.976444212012194
-2.8708797708682496,-4.0931767463128095,-3.4509979101858015,-3.4322799495143688,-3.405598088543674,-1.8355085359645047,-3.688971346591904,-2.7020907952093194,-4.665482213583351,-4.687341827753135,-3.296082956595786,-4.055602878439715,-3.020700360466793,-4.1269915494862985,-4.634993323227887,-4.161801100613737,-2.555461321840077,-4.027538200949259,-3.8535171521000375
-2.137441025290323,-1.714005183272222,-2.147731494478379,-3.8771067814213316,-3.2820067310152186,-2.8739096123867185,-3.9937037206367174,-2.7599067370136963,-3.6933305914079826,-4.456975070322326,-3.838686553922799,-2.0883100762700533,-1.9266440981379374,-2.771835267482658,-2.5190580096592816,-4.1525248925229885,-3.642971092586965,-3.1846517095217646,-2.839821930922342
-1.574291402149575,-3.424757786389188,-1.681619600317211,-1.662309955881498,-4.203198580964945,-1.8426561465737423,-3.79240322424143,-3.6875557680537003,-3.067611712628975,-3.5714122616061754,-4.1188730965166975,-2.8882933766721957,-2.823490719415572,-2.5121075243236892,-2.8386957444482053,-3.9974484081307846,-4.419139997610539,-2.7637864682968485,-4.616736460415608
-3.0640800964073245,-1.576503122791728,-4.049669073095079,-3.72659819648276,-4.48319974288902,-1.7148330806675491,-4.680442420088869,-3.883599855970583,-1.9040730873174252,-3.8811634065688336,-3.7129102784097263,-2.5319702368285477,-3.622516805422184,-4.143352836556519,-1.9113341075426864,-1.6269707139614176,-2.4445763078960194,-4.2304331605087455,-2.601458836868673
-2.803424041234483,-4.674242775606629,-2.78405471193303,-3.685568112119615,-4.645485567461751,-3.0208381168099407,-2.6045802847426036,-2.3471001397795264,-1.7334486347462792,-2.491510678045911,-2.519799278592078,-3.3686043982783502,-1.649653483784384,-2.626616543679299,-3.5747250175061867,-4.4269511709873015,-3.789280370643853,-4.432532255227543,-2.031834195540055
-3.29378926009115,-4.61732694810811,-4.462680889301155,-3.3430470412384965,-3.726274178163662,-3.926726509607171,-3.9456593888571216,-4.390784304763653,-2.0330540856706416,-4.511589333243117,-3.3991450775368603,-4.28164637610743,-3.245232512986727,-3.38512913085706,-1.9946786733342012,-3.287673557745628,-4.416524765185473,-4.654285422869911,-4.508531204966484
-3.422564499406648,-3.8901969051327274,-4.536920435690007,-4.59298617966755,-3.1239529229334426,-1.6178605172283453,-2.9881581675864397,-4.659744984516933,-3.7019260152345854,-3.5416384132150327,-4.22781646458288,-2.9319284677420487,-1.8090391693875736,-4.073274120898852,-1.5970759364363145,-1.6651702419711838,-1.7334375338624546,-3.4325348414280095,-4.279705925666461
-3.540611998036203,-4.087054264351709,-3.0533926332157515,-1.9322943715190348,-3.3458489402033584,-4.499869960218489,-4.018135809328051,-2.029309715672939,-4.275678496663425,-1.732619083552382,-3.3082611635707595,-1.70488747711609,-3.9133689142102237,-3.2796702699822626,-4.13589058294262,-4.017208007806029,-2.2227559079108152,-2.4852757803299714,-4.427621251915969
-2.088600429381962,-3.1298748616415972,-2.3776243079804713,-4.605566035155044,-3.47825005715894,-4.20798586157741,-2.72653295505536,-4.068113945725649,-2.094361342565901,-1.968916862671363,-4.159327957195516,-2.414739999196588,-2.035441129040918,-2.3907697811029958,-4.1780130297357605,-2.123956506296024,-3.1504517086765436,-3.7196258223008067,-4.098127126075051
-2.135187850353741,-4.524290544499905,-1.9798812222585713,-4.169363893313523,-2.404339103264514,-3.4045664932416444,-3.4764137280749363,-3.1959921808448772,-2.8606311044225388,-3.7250524878299087,-2.5906400436235932,-2.96053167611435,-3.8571584143667508,-4.613433373543081,-2.648505280070541,-2.8277967501911885,-2.479043443189584,-2.4643405060915895,-4.504443072005241
-3.0474257887060094,-2.4482882818690914,-2.2476029497736145,-3.4243609007904157,-2.2585488921107895,-3.9372612613668085,-1.7690554277161619,-1.9667495842620393,-4.5147816133346135,-3.235914908433218,-3.556008684799509,-2.5603546254696647,-2.974749685467819,-1.7884414186127433,-2.6576286644740406,-2.696491127206514,-3.3521344566631246,-3.4040396119445173,-1.6824133838496715
-4.7035756649672225,-3.017869975537763,-3.84498758438607,-3.675294902576392,-3.3792775593016824,-2.083677735931841,-2.901429953237577,-3.4344178287656053,-3.269624977595579,-2.851503274831491,-2.265153073841439,-4.015447012177632,-3.720772439682338,-1.9438680864002098,-1.5912907659889237,-2.748805655689978,-2.9449593746000864,-3.753234422083361,-2.2579720429624905
-4.164471624168909,-2.1271900492726297,-2.41098301226216,-3.617780608076177,-3.222903560086515,-2.4667022707079034,-3.2501720402367935,-3.65839385603881,-4.064044853216518,-1.590688299645266,-1.6634113544915934,-2.9186960282498795,-4.6663294965421604,-3.412237554781814,-2.8291704134478843,-3.0876199866679586,-2.9623099774361554,-3.2439205497003893,-3.13446403370043
-4.281160966542186,-2.6929432338962322,-1.911950049765732,-3.6626371647596594,-3.175638880764112,-1.5881472736478601,-1.9283253096524415,-3.2943217835221663,-3.797424951075798,-3.069276576908427,-4.414675036401356,-2.4862988806186768,-4.21827276739352,-2.892335611869962,-2.2114547374049693,-1.9859325049365029,-2.302757192319628,-4.460129285928183,-3.6037112723678977
-3.939031676824007,-3.498794463202949,-2.8071787238525747,-4.487885627984482,-3.4666094827607368,-4.0678045446876725,-3.5258834626852433,-4.167319838093846,-3.5250904829452985,-3.618752631225219,-3.5980709220881617,-2.9404396032499536,-4.487037542330289,-4.514699854258548,-2.6127927454217184,-4.01086700499362,-2.569646389304507,-2.4680904090804283,-2.671010039166428
-3.705803252109711,-4.203558710946858,-2.614666058601852,-3.9348119160397976,-2.8172283057047443,-3.385159061028047,-1.7776614500011703,-3.1028055032476747,-4.191643278555085,-1.6926563002517727,-2.8025938595292277,-3.805709105192589,-3.9106969548215953,-4.200580814273471,-4.6715563693991,-4.462557778370476,-2.586373548446194,-4.057584510392715,-2.2047052703448067
-3.940872012039371,-3.676050374622881,-3.8787374392451843,-4.683734011117267,-2.195283959228797,-4.257728884270445,-3.245259476834315,-3.890536112257551,-2.4119483194549898,-3.407244105109984,-3.7808762583049957,-3.0106057711956122,-2.3381756909367857,-3.124561368878873,-3.722074985140142,-3.750348970093402,-4.480650487364687,-1.5716476708548592,-4.621671196277305
-3.8867341155882293,-2.4723860308416388,-3.616153343238936,-2.840216561028346,-2.7575499508317662,-3.733920324087082,-2.1464861452937916,-3.9593177545243936,-3.4210620614722576,-1.7226353676023027,-2.4400017360493083,-2.6203266669221406,-2.9957500996548685,-2.1541707477379917,-4.148386997074697,-2.5595132265502873,-2.5291082903012376,-2.250303606784235,-4.551148808296785
-4.599817846208316,-4.38472764836918,-2.6384256374833353,-1.8958788954437025,-3.836102473637151,-2.9291198190688257,-2.0375858619996525,-1.7866738309152832,-2.5952724918451366,-4.170669439659743,-4.505044202666857,-4.064612452131128,-2.0630060593210984,-1.9336453418463986,-1.8344574062257704,-3.652570770478243,-3.112063966716949,-4.428094886843528,-1.9847238059218002
-3.478055074324756,-2.03517996042622,-2.8202163295773066,-3.1470820167028357,-3.409981379361562,-2.518512834765674,-4.172206814162109,-1.6575078009194426,-2.116287695369974,-4.658688048128776,-2.0722393884231165,-4.219103232388188,-4.455473732843645,-2.931361558928373,-1.8211301909955444,-2.4520786399920373,-4.236421932938669,-4.021841186840368,-3.226467995333847
-4.201996858080061,-3.7395056093333734,-3.6724499146043637,-2.9775081994639647,-4.116052547252167,-4.482168534210408,-3.5167657626648587,-2.6088587551253073,-1.959730967708527,-4.612441736249072,-4.510707100380222,-2.682224588347754,-2.120279089284727,-4.150687670974242,-2.359674163882634,-1.5911733370412882,-4.084223284500068,-2.20497051351881,-1.814505429642347
-4.3912427337155036,-3.4422924963349715,-4.249545658058081,-3.439261079599966,-4.109807776558982,-2.676360045633308,-1.686812767930392,-3.0589920388989627,-4.147204962132363,-1.7217349520229392,-4.297410687540082,-2.888556880710313,-2.559623340382669,-2.589704347357917,-2.3015930453626248,-1.6923276629961483,-4.409064184193479,-2.1543766863594107,-3.4036245663064184
-4.2790981590389965,-3.4214542242244437,-3.1936949094807923,-3.0231157908334048,-1.700393121013077,-3.880098215036661,-4.583201788161792,-2.1757584007382977,-2.7899168700004955,-3.094861004334902,-2.910378309873387,-2.119292462274132,-2.066624625240858,-3.605391124402122,-4.373678948966972,-1.9410201814652708,-2.541131545096163,-3.2185935648603023,-3.756582793451943
-2.2363673919226255,-4.385084166934624,-2.1333829389428924,-3.695019053128078,-2.2109824934583675,-2.6284708070525276,-3.6215045082894117,-4.139013217775121,-2.4097396995221065,-3.129572213030437,-4.052599226694369,-2.199709262929202,-2.119165194192982,-2.6149905509168874,-3.1363658887562886,-3.993795824230658,-4.559215446629845,-3.4063012927368845,-2.0898370864094904
-1.7516781714880194,-3.26130567114791,-4.664845095181634,-2.7793853682438625,-2.6747361110137486,-1.8433641843565032,-3.7633037237838622,-3.282739392728446,-3.0205915853114313,-2.659054680842836,-3.43392605469358,-2.8331504543302874,-2.7316794776296116,-3.2962631376236433,-3.5552431804864435,-4.299702946157793,-3.9761332280952333,-1.8087665156650865,-3.844679902708928
-2.9946865704757615,-2.7484763510009307,-2.6399779049142724,-2.4990158676444425,-4.47572857124431,-1.6240604553529652,-4.423947831044647,-4.307411920241378,-3.4981680619502455,-3.351648035113632,-2.886012123006955,-2.828016620444031,-2.373975648753796,-3.7171732014226557,-2.567437093133509,-3.49684220928252,-4.42918409109746,-3.949555023595607,-4.373647401419195
-3.5454680291883234,-2.0739192205810304,-2.2800420610277334,-3.567377959673475,-3.899224516120081,-3.659581898864628,-4.269183886194912,-4.140548516188009,-1.715599819050273,-2.7924224089879113,-4.555593508845323,-4.18218850363321,-2.8779605116275007,-4.684653968706135,-4.671010779392315,-1.6021423879643883,-3.8196662655649924,-4.030361765405936,-4.2214316311552285
-3.2485428743276628,-4.582016250609416,-3.191950603322619,-3.6679417741805977,-2.142675812366867,-1.7734982931498569,-2.681033689067437,-2.424046947310932,-4.183138846852297,-2.4650210060849154,-3.8956728370434592,-2.746000970979697,-3.497294487295923,-2.8628581031249443,-3.5919980627475536,-2.7359078972369324,-4.6131176285638205,-3.0610517580397634,-3.0441278892006496
-4.063525754807001,-2.5071184047407455,-1.9862282728089795,-2.040745832664502,-3.102734378531065,-2.6785511044763934,-4.489707790191561,-4.183459110319511,-3.5311953563159957,-2.6254296203202943,-2.204345538633911,-3.8096333983451744,-1.8040377404418715,-4.425712158741873,-2.1610025006624545,-1.6082239710790436,-3.476544848588923,-1.8560771650547654,-3.6314805415828912
